No	Ligand set	PQS Id	Chain Id	Protein	EC code	CATH code	Ligand	Ligand chain Id	Ligand residue number	Ligand altern loc	UniProt	Notes	
1	AMP	12as	A	Asparagine synthetase	6.3.1.1	3.30.930.10	AMP	X	2	-	P00963		
2	AMP	1amu_1	A	Gramicidin synthetase	5.1.1.11	2.30.38.10;3.40.50.980	AMP	A	551	-	P0C061		
3	AMP	1c0a	A	Aspartyl t-RNA synthetase	6.1.1.12	3.30.1360.30	AMP	E	800	-	P21889		
4	AMP	1ct9_1	A	Asparagine synthetase	6.3.5.4	3.40.50.620	AMP	A	1100	-	P22106		
5	AMP	1jp4	A	Bisphosphate nucleotidase	3.1.3.7	3.40.190.80	AMP	B	601	-	Q9Z1N4		
6	AMP	1kht	B	Adenylate kinase	2.7.4.3	3.40.50.300	AMP	D	2193	-	P43411		
7	AMP	1qb8	A	Adenine phosphoribosyltransferase	2.4.2.7	3.40.50.2020	AMP	C	300	-	Q27679		
8	AMP	1tb7	B	cAMP-specific-cyclic phosphodiesterase	3.1.4.17	1.10.1300.10	AMP	C	401	-	Q08499		
9	AMP	8gpb	A	Glycogen phosphorylase	2.4.1.1	3.40.50.2000	AMP	B	930	-	P00489		
10	ATP	1a0i	-	ATP-dependent DNA ligase	6.5.1.1	3.30.470.30;3.30.1490.70	ATP	-	1	-	P00969		
11	ATP	1a49_1	A	Pyruvate kinase	2.7.1.40	3.20.20.60	ATP	A	535	-	P11974		
12	ATP	1ayl	A	Phosphoenolpyruvate carboxykinase	4.1.1.49	2.170.8.10;3.90.228.20	ATP	A	541	-	P22259		
13	ATP	1b8a	A	Aspartyl-tRNA synthetase	6.1.1.12	3.30.930.10	ATP	C	500	-	Q52428		
14	ATP	1dv2	A	Biotin carboxylase	6.3.4.14	3.30.470.20;3.30.1490.20	ATP	C	1000	-	P24182		
15	ATP	1dy3	A	Pyrophosphokinase	2.7.6.3	3.30.70.560	ATP	A	200	-	P26281		
16	ATP	1e2q	A	Thymidylate kinase	2.7.4.9	3.40.50.300	ATP	A	302	-	P23919		
17	ATP	1e8x	A	Phosphatidylinositol kinase	2.7.1.153	1.10.1070.11;3.30.1010.10	ATP	A	2000	-	O02697		
18	ATP	1esq	A	Hydroxyethylthiazole kinase	2.7.1.50	3.40.1190.20	ATP	D	300	-	P39593		
19	ATP	1gn8	B	Phosphopantetheine adenylyltransferase	2.7.7.3	3.40.50.620	ATP	B	600	-	P0A6I6		
20	ATP	1kvk	A	Mevalonate kinase	2.7.1.36	3.30.230.10	ATP	C	535	-	P17256		
21	ATP	1o9t	A	Adenosylmethionine synthetase	2.5.1.6	3.30.300.10	ATP	B	1397	-	P13444		
22	ATP	1rdq	E	cAMP-dependent protein kinase	2.7.1.37	1.10.510.10;3.30.200.20	ATP	A	600	B	P05132		
23	ATP	1tid	A	Anti-sigma F factor	2.7.1.37	3.30.565.10	ATP	E	200	-	O32727		
24	FAD	1cqx	A	Flavohemoprotein	1.14.12.17	2.40.30.10;3.40.50.80	FAD	A	405	-	P39662		
25	FAD	1e8g	B	Vanillyl-alcohol oxidase	1.1.3.38	3.30.43.10;3.30.465.20	FAD	B	600	-	P56216		
26	FAD	1evi	B	D-amino acid oxidase	1.4.3.3	3.30.9.10;3.40.50.720	FAD	C	353	-	P00371		
27	FAD	1h69_1	A	NAD(P)H dehydrogenase	1.6.99.2	3.40.50.360	FAD	A	1274	-	P15559		
28	FAD	1hsk	A	Acetylenolpyruvoylglucosamine reductase	1.1.1.158	3.30.43.10;3.30.465.10	FAD	D	401	-	P61431		
29	FAD	1jqi	A	Short chain acyl-CoA dehydrogenase	1.3.99.2	1.20.140.10;2.40.110.10	FAD	E	399	-	P61431		
30	FAD	1jr8	B	Oxidoreductase	1.8.3.?	1.20.120.310	FAD	C	334	-	Q12284		
31	FAD	1k87	A	Proline dehydrogenase	1.5.99.8	3.20.20.220	FAD	C	2001	-	P09546	Superceded by 4o8a	
32	FAD	1pox	A	Pyruvate oxidase mutant	1.2.3.3	3.40.50.1220;3.40.50.970	FAD	A	612	-	P37063		
33	FAD	3grs	A	Glutathione reductase	1.8.1.7	3.50.50.60	FAD	A	479	-	P00390		
34	FMN	1dnl	A	Pyridoxine-phosphate oxidase	1.4.3.5	2.30.110.10	FMN	C	250	-	P0AFI7		
35	FMN	1f5v	A	Oxidoreductase	1.?.?.?	3.40.109.10	FMN	C	360	-	P17117		
36	FMN	1ja1_1	A	NADPH-cytochrome reductase	1.6.2.4	3.40.50.360	FMN	A	1751	-	P00388		
37	FMN	1mvl	A	Lyase	4.1.1.36	3.40.50.1950	FMN	D	1001	-	Q9SWE5		
38	FMN	1p4c	A	Mandelate dehydrogenase	1.1.3.15	3.20.20.70	FMN	E	490	-	P20932	90% coverage, 6% for another uniprot id	
39	FMN	1p4m	A	Transferase	2.7.1.26	2.40.30.30	FMN	B	401	-	Q969G6		
40	Glucose	1bdg	A	Hexokinase	2.7.1.1	3.30.420.40;3.40.367.20	GLC	A	501	-	Q26609		
41	Glucose	1cq1	A	Quinoprotein glucose dehydrogenase	1.1.5.2	2.120.10.30	GLC	C	3	-	P13650		
42	Glucose	1k1w	A	Transferase	2.4.1.25	3.20.20.?;1.20.?.?;2.70.98.?	GLC	C	653	-	O32462		
43	Glucose	1nf5_2	C	Transferase	?.?.?.?	1.10.530.10;3.90.550.10	GLC	D	527	-	P29752;P08037		
44	Glucose	2gbp	-	Periplasmic binding protein	?.?.?.?	3.40.50.2300	GLC	-	310	-	P0AEE5		
45	Heme	1d0c	A	Endothelial nitric oxide synthase	1.14.13.39	3.90.340.10	HEM	A	500	-	P29473		
46	Heme	1d7c	A	Cellobiose dehydrogenase	1.1.99.18	2.60.40.1210	HEM	A	401	-	Q01738		
47	Heme	1dk0	A	Heme-binding protein	?.?.?.?	3.30.1500.10	HEM	A	200	-	Q54450		
48	Heme	1eqg	A	Prostaglandin synthase	1.14.99.1	1.10.640.10	HEM	A	601	-	P05979		
49	Heme	1ew0	A	Transferase	2.7.3.?	3.30.450.20	HEM	A	501	-	P10955		
50	Heme	1gwe	A	Catalase	1.11.1.6	2.40.180.10	HEM	A	504	-	P29422		
51	Heme	1iqc_1	A	Heme peroxidase	1.11.1.5	1.10.760.10	HEM	A	401	-	P55929		
52	Heme	1naz	E	Oxygen transport	?.?.?.?	1.10.490.10	HEM	E	200	-	P02185		
53	Heme	1np4	B	Nitrophorin	?.?.?.?	2.40.128.20	HEM	B	185	-	Q94734		
54	Heme	1po5	A	Cytochrome	1.14.14.1	1.10.630.10	HEM	A	500	-	P00178		
55	Heme	1pp9	C	Oxidoreductase	?.?.?.?	1.20.810.10	HEM	C	501	-	P31800		
56	Heme	1qhu	A	Binding protein hemopexin	?.?.?.?	2.110.10.10	HEM	A	500	-	P20058		
57	Heme	1qla	C	Oxidoreductase	?.?.?.?	1.20.950.10	HEM	G	1	-	P17412;P17596;P17413	superceded by 2bs2	
58	Heme	1qpa	B	Lignin peroxidase	1.11.1.14	1.10.420.10;1.10.520.10	HEM	B	350	-	P11542		
59	Heme	1sox	A	Sulfite oxidase	1.8.3.1	3.10.120.10	HEM	A	502	-	P07850		
60	Heme	2cpo	-	Oxidoreductase	1.11.1.10	1.10.489.10	HEM	-	396	-	P04963		
61	NAD	1ej2	B	Nicotinamide adenylyltransferase	2.7.7.1	3.40.50.620	NAD	H	1339	-	O26253		
62	NAD	1hex	A	Isopropylmalate dehydrogenase	1.1.1.85	3.40.718.10	NAD	A	400	A	Q5SIY4		
63	NAD	1ib0	A	NADH-cytochrome reductase	1.6.2.2	3.40.50.80	NAD	B	1994	-	P20070		
64	NAD	1jq5	A	Glycerol dehydrogenase	1.1.1.6	1.20.1090.10;3.40.50.1970	NAD	I	401	-	P32816		
65	NAD	1mew	A	Monophosphate dehydrogenase	1.1.1.205	3.20.20.70	NAD	E	987	-	P50097		
66	NAD	1mi3_1	A	Oxidoreductase	1.1.1.21	3.20.20.100	NAD	A	1350	-	O74237		
67	NAD	1o04_1	A	Aldehyde dehydrogenase	1.2.1.3	3.40.309.10;3.40.605.10	NAD	A	6501	-	P05091		
68	NAD	1og3	A	T-cell ADP-ribosyltransferase	2.4.2.31	2.30.100.10	NAD	A	1227	-	P20974		
69	NAD	1qax	A	Methylglutaryl-coenzyme reductase	1.1.1.88	3.30.70.420;3.90.770.10	NAD	G	1001	-	P13702		
70	NAD	1rlz	A	Deoxyhypusine synthase	2.5.1.46	3.40.910.10	NAD	H	700	-	P49366		
71	NAD	1s7g	B	NAD-dependent deacetylase	3.5.1.?	3.40.50.1220	NAD	F	701	-	O30124		
72	NAD	1t2d	A	Lactate dehydrogenase	1.1.1.27	3.40.50.720;3.90.110.10	NAD	E	316	-	Q27743		
73	NAD	1tox_1	A	Diphtheria toxin	2.4.2.36	3.90.175.10	NAD	A	536	-	P00588		
74	NAD	2a5f	B	Protein transport	2.4.2.36	3.90.210.10	NAD	C	1536	-	P62330		
75	NAD	2npx	A	NADH peroxidase	1.11.1.1	3.50.50.60	NAD	A	818	-	P37062		
76	Phosphate	1a6q	-	Phosphatase	3.1.3.16	3.60.40.10	PO4	-	701	-	P35813		
77	Phosphate	1b8o	C	Purine nucleoside phosphorylase	2.4.2.1	3.40.50.1580	PO4	F	599	-	P55859		
78	Phosphate	1brw	A	Pyrimidine nucleoside phosphorylase	2.4.2.2	3.40.1030.10	PO4	C	2001	-	P77836		
79	Phosphate	1cqj_1	B	Succinyl-CoA synthetase	6.2.1.5	3.30.1490.20	PO4	B	904	-	P0AGE9;P0A836		
80	Phosphate	1d1q	B	Tyrosine phosphatase	3.1.3.48	3.40.50.270	PO4	C	402	-	P40347		
81	Phosphate	1dak	A	Dethiobiotin synthetase	6.3.3.3	3.40.50.300	PO4	C	803	-	P13000		
82	Phosphate	1e9g	A	Inorganic pyrophosphatase	3.6.1.1	3.90.80.10	PO4	A	3001	A	P00817		
83	Phosphate	1ejd	C	Enolpyruvyltransferase	2.5.1.7	3.65.10.10	PO4	F	2431	-	P00817		
84	Phosphate	1euc	A	Succinyl-CoA synthetase	6.2.1.4	3.40.50.261	PO4	C	224	-	O19069;P53590		
85	Phosphate	1ew2	A	Phosphatase	3.1.3.1	3.40.720.10	PO4	C	1005	-	P05187		
86	Phosphate	1fbt	B	Bisphosphatase	3.1.3.46	3.40.50.1240	PO4	C	100	-	P07953		Ligand in table is po4 but could also search for sugar here
87	Phosphate	1gyp	A	Glyceraldehyde-phosphate dehydrogenase	1.2.1.12	3.30.360.10	PO4	A	359	-	Q27890		
88	Phosphate	1h6l	A	Phytase	3.1.3.8	2.120.10.20	PO4	A	501	-	O66037		
89	Phosphate	1ho5_1	B	Nucleotidase	3.1.3.5	3.60.21.20	PO4	B	2603	-	P07024		
90	Phosphate	1l5w	A	Maltodextrin phosphorylase	2.4.1.1	3.40.50.2000	PO4	D	998	-	P00490		same here sugar transplant could be used
91	Phosphate	1l7m_1	A	Phosphoserine phosphatase	3.1.3.3	3.40.50.1000	PO4	A	720	-	Q58989		
92	Phosphate	1lby	A	Bisphosphatase	3.1.3.25	3.30.540.10;3.40.190.80	PO4	C	293	-	O30298		same here
93	Phosphate	1lyv	A	Protein-tyrosine phosphatase	3.1.3.48	3.90.190.10	PO4	B	1000	-	P15273		
94	Phosphate	1qf5	A	Adenylosuccinate synthetase	6.3.4.4	3.40.440.10	PO4	C	2	-	P0A7D4		
95	Phosphate	1tco	A	Serine-threonine phosphatase	3.1.3.16	3.60.21.10	PO4	D	507	-	P48452		
96	Steroid	1e3r	B	Isomerase	5.3.3.1	3.10.450.50	AND	B	801	-	P07445		
97	Steroid	1fds	A	Hydroxysteroid-dehydrogenase	1.1.1.62	3.40.50.720	EST	A	350	-	P14061		
98	Steroid	1j99	A	Alcohol sulfotransferase	2.8.2.2	3.40.50.300	AND	B	401	A	Q06520		
99	Steroid	1lhu	A	Sex hormone-binding globulin	?.?.?.?	2.60.120.200	EST	G	301	-	P04278		
100	Steroid	1qkt	A	Estradiol receptor	?.?.?.?	1.10.565.10	EST	C	600	-	P03372		